dataset,transform,tta,images,correct,accuracy,mean_confidence,mean_gt_probability
real,app,none,16,6,0.375000,0.774433,0.379495
real,app,hflip,16,6,0.375000,0.775456,0.382833
real,short-side-crop,none,16,7,0.437500,0.757205,0.374822
real,short-side-crop,hflip,16,7,0.437500,0.761125,0.374803
real,short-side-1.14-crop,none,16,6,0.375000,0.761956,0.362369
real,short-side-1.14-crop,hflip,16,6,0.375000,0.756523,0.365861
real,letterbox-114,none,16,6,0.375000,0.708902,0.370163
real,letterbox-114,hflip,16,6,0.375000,0.699286,0.368599
real,letterbox-0,none,16,7,0.437500,0.688744,0.403581
real,letterbox-0,hflip,16,7,0.437500,0.685189,0.411957
val,app,none,480,463,0.964583,0.967452,0.946474
val,app,hflip,480,464,0.966667,0.967497,0.947268
val,short-side-crop,none,480,460,0.958333,0.964563,0.942171
val,short-side-crop,hflip,480,460,0.958333,0.965473,0.943246
val,short-side-1.14-crop,none,480,453,0.943750,0.956887,0.927693
val,short-side-1.14-crop,hflip,480,455,0.947917,0.957619,0.928855
val,letterbox-114,none,480,460,0.958333,0.951817,0.929225
val,letterbox-114,hflip,480,459,0.956250,0.952364,0.930111
val,letterbox-0,none,480,465,0.968750,0.962083,0.943516
val,letterbox-0,hflip,480,465,0.968750,0.962592,0.944314
