filename,label,ground_truth,truth_source,predicted_class,confidence,correct,top2_class,top2_confidence,top3_class,top3_confidence
cotton_bacterial_blight_1.jpg,cotton_bacterial_blight,Cotton___bacterial_blight,alias,Cotton___bacterial_blight,0.999918,yes,Cotton___healthy,0.000082,Wheat___tan_spot,0.000000
cotton_bacterial_blight_2.jpg,cotton_bacterial_blight,Cotton___bacterial_blight,alias,Cotton___bacterial_blight,1.000000,yes,Wheat___tan_spot,0.000000,Potato___Early_blight,0.000000
healthy_rice_1.jpg,healthy_rice,Rice___healthy,alias,Rice___healthy,0.999880,yes,Wheat___tan_spot,0.000065,Rice___Sheath_blight,0.000048
healthy_rice_2.jpg,healthy_rice,Rice___healthy,alias,Rice___healthy,0.999909,yes,Rice___Brown_spot,0.000040,Wheat___aphid,0.000016
healthy_wheat_1.jpg,healthy_wheat,Wheat___healthy,alias,Wheat___healthy,0.598646,yes,Rice___healthy,0.163909,Wheat___mildew,0.055977
healthy_wheat_2.jpg,healthy_wheat,Wheat___healthy,alias,Wheat___leaf_blight,0.275867,no,Wheat___aphid,0.266402,Wheat___blast,0.102002
rice_bacterial_leaf_blight_1.jpg,rice_bacterial_leaf_blight,Rice___Bacterial_leaf_blight,alias,Rice___Sheath_blight,0.760647,no,Rice___healthy,0.102244,Rice___Brown_spot,0.067764
rice_bacterial_leaf_blight_2.jpg,rice_bacterial_leaf_blight,Rice___Bacterial_leaf_blight,alias,Rice___Sheath_blight,0.890921,no,Rice___Brown_spot,0.030462,Wheat___leaf_blight,0.027608
rice_brown_spot_1.jpg,rice_brown_spot,Rice___Brown_spot,alias,Wheat___leaf_blight,0.624619,no,Wheat___tan_spot,0.223965,Wheat___mite,0.039248
rice_brown_spot_2.jpg,rice_brown_spot,Rice___Brown_spot,alias,Wheat___blast,0.749357,no,Wheat___smut,0.158371,Corn___healthy,0.028594
tomato_early_blight_1.jpg,tomato_early_blight,Tomato___Early_blight,alias,Wheat___tan_spot,0.309992,no,Wheat___leaf_blight,0.155036,Wheat___mite,0.087661
tomato_early_blight_2.jpg,tomato_early_blight,Tomato___Early_blight,alias,Cotton___bacterial_blight,0.923007,no,Wheat___mite,0.031403,Wheat___tan_spot,0.022714
wheat_powdery_mildew_1.jpg,wheat_powdery_mildew,Wheat___mildew,alias,Wheat___mildew,0.991876,yes,Wheat___tan_spot,0.004401,Wheat___leaf_blight,0.002291
wheat_powdery_mildew_2.jpg,wheat_powdery_mildew,Wheat___mildew,alias,Wheat___mildew,0.999237,yes,Wheat___tan_spot,0.000553,Wheat___leaf_blight,0.000136
wheat_yellow_rust_1.jpg,wheat_yellow_rust,Wheat___yellow_rust,alias,Wheat___brown_rust,0.597271,no,Wheat___leaf_blight,0.173636,Wheat___tan_spot,0.107641
wheat_yellow_rust_2.jpg,wheat_yellow_rust,Wheat___yellow_rust,alias,Wheat___brown_rust,0.703516,no,Wheat___yellow_rust,0.292661,Wheat___mildew,0.001828
